"tv","Name","CAS","SMILES","MW","log10prediction","log10lower95","log10upper95","prediction","lower95","upper95","appl.domain","Source","Warnings"
"RfD","4-Amino-2,6-Dinitrotoluene","19406-51-0","Cc1c([N+]([O-])=O)cc(N)cc1[N+]([O-])=O",197.043655717,7.993532461,NA,NA,0.002,NA,NA,NA,"Special",""
"RfDNOAEL","4-Amino-2,6-Dinitrotoluene","19406-51-0","Cc1c([N+]([O-])=O)cc(N)cc1[N+]([O-])=O",197.043655717,5.00125441873,3.397467730737,6.44400002363424,1.96475334831373,0.0708863202832253,78.903219755282,4.14101192494304,"CTV",""
"RfDBMDL","4-Amino-2,6-Dinitrotoluene","19406-51-0","Cc1c([N+]([O-])=O)cc(N)cc1[N+]([O-])=O",197.043655717,4.77681210614952,2.99604425497813,6.49407353456957,3.29420293768465,0.0631668066072006,198.846614543431,5.85863476720012,"CTV",""
"RfDBMD","4-Amino-2,6-Dinitrotoluene","19406-51-0","Cc1c([N+]([O-])=O)cc(N)cc1[N+]([O-])=O",197.043655717,4.36568164775181,2.36740041129901,6.30359413661604,8.48947450733749,0.0979418537519632,845.594296475272,5.85863476720012,"CTV",""
"OSF","4-Amino-2,6-Dinitrotoluene","19406-51-0","Cc1c([N+]([O-])=O)cc(N)cc1[N+]([O-])=O",197.043655717,4.72339863241475,2.73455858130228,6.55712460439902,0.268433167527796,0.00275420412883141,18.304680299143,4.61866242026429,"CTV",""
"CPV","4-Amino-2,6-Dinitrotoluene","19406-51-0","Cc1c([N+]([O-])=O)cc(N)cc1[N+]([O-])=O",197.043655717,5.2593675,3.281559,7.31012676666667,0.922157374588851,0.00970502243553408,103.648807632536,3.73528129032372,"CTV",""
"RfC","4-Amino-2,6-Dinitrotoluene","19406-51-0","Cc1c([N+]([O-])=O)cc(N)cc1[N+]([O-])=O",197.043655717,8.48135416666664,6.08762648333331,10.5002090166666,0.000650441570314615,6.22806934722598e-06,0.161040819889872,6.24332444475017,"CTV",""
"IUR","4-Amino-2,6-Dinitrotoluene","19406-51-0","Cc1c([N+]([O-])=O)cc(N)cc1[N+]([O-])=O",197.043655717,4.52071000000001,2.13609584166668,6.38482570000001,0.168324581629686,0.000694277970654182,12.3101471323957,9.71940766891903,"CTV",""
"RfD","2-Amino-4,6-Dinitrotoluene","35572-78-2","Cc1c(N)cc([N+]([O-])=O)cc1[N+]([O-])=O",197.043655717,7.993532461,NA,NA,0.002,NA,NA,NA,"Special",""
"RfDNOAEL","2-Amino-4,6-Dinitrotoluene","35572-78-2","Cc1c(N)cc([N+]([O-])=O)cc1[N+]([O-])=O",197.043655717,5.01864459603353,3.41485790804053,6.46139020093777,1.88763430000871,0.0681039427584439,75.8061688094461,4.14382406539603,"CTV",""
"RfDBMDL","2-Amino-4,6-Dinitrotoluene","35572-78-2","Cc1c(N)cc([N+]([O-])=O)cc1[N+]([O-])=O",197.043655717,4.78094079288901,3.00017294171762,6.49820222130906,3.26303448353264,0.0625691470965666,196.965205988488,5.85888681892702,"CTV",""
"RfDBMD","2-Amino-4,6-Dinitrotoluene","35572-78-2","Cc1c(N)cc([N+]([O-])=O)cc1[N+]([O-])=O",197.043655717,4.36375813085656,2.36547689440376,6.30167061972079,8.52715830089668,0.0983766062910519,849.347791568008,5.85888681892702,"CTV",""
"OSF","2-Amino-4,6-Dinitrotoluene","35572-78-2","Cc1c(N)cc([N+]([O-])=O)cc1[N+]([O-])=O",197.043655717,4.68967463241475,2.70083458130228,6.52340060439902,0.248377456914414,0.00254842657352128,16.9370647606792,4.61880162420654,"CTV",""
"CPV","2-Amino-4,6-Dinitrotoluene","35572-78-2","Cc1c(N)cc([N+]([O-])=O)cc1[N+]([O-])=O",197.043655717,5.28552266666667,3.30771416666667,7.33628193333334,0.979400249618217,0.010307461240171,110.082802421005,3.73470545422646,"CTV",""
"RfC","2-Amino-4,6-Dinitrotoluene","35572-78-2","Cc1c(N)cc([N+]([O-])=O)cc1[N+]([O-])=O",197.043655717,8.4913208333333,6.09759314999997,10.5101756833333,0.000635684501284577,6.08676833960984e-06,0.15738716273721,6.23680437521144,"CTV",""
"IUR","2-Amino-4,6-Dinitrotoluene","35572-78-2","Cc1c(N)cc([N+]([O-])=O)cc1[N+]([O-])=O",197.043655717,4.51052950000001,2.12591534166668,6.37464520000001,0.164424694533224,0.000678192348026177,12.0249351717161,9.70920790705826,"CTV",""
"RfD","Ammonium Picrate","131-74-8","OC1=C(C=C(C=C1[N+]([O-])=O)[N+]([O-])=O)[N+]([O-])=O",246.023648549,7.92899713758298,6.31860887808903,9.4338745346707,0.00289720827690423,9.05946017429372e-05,0.118132114248372,6.57283229336379,"CTV",""
"RfDNOAEL","Ammonium Picrate","131-74-8","OC1=C(C=C(C=C1[N+]([O-])=O)[N+]([O-])=O)[N+]([O-])=O",246.023648549,5.1109569538584,3.5071702658654,6.55370255876264,1.9055480351863,0.0687502522661271,76.5255727919198,4.62974482097299,"CTV",""
"RfDBMDL","Ammonium Picrate","131-74-8","OC1=C(C=C(C=C1[N+]([O-])=O)[N+]([O-])=O)[N+]([O-])=O",246.023648549,4.92921567810767,3.14844782693628,6.64647710652772,2.89575074482615,0.0555264295312825,174.795009009072,6.09950385467883,"CTV",""
"RfDBMD","Ammonium Picrate","131-74-8","OC1=C(C=C(C=C1[N+]([O-])=O)[N+]([O-])=O)[N+]([O-])=O",246.023648549,4.59084179189933,2.59256055544653,6.52875428076356,6.31153598874803,0.0728152884169604,628.660682056464,6.09950385467883,"CTV",""
"OSF","Ammonium Picrate","131-74-8","OC1=C(C=C(C=C1[N+]([O-])=O)[N+]([O-])=O)[N+]([O-])=O",246.023648549,4.67175233333334,2.68291228222087,6.50547830531761,0.190886615809094,0.00195855344643885,13.0167166298814,4.98802870001896,"CTV",""
"CPV","Ammonium Picrate","131-74-8","OC1=C(C=C(C=C1[N+]([O-])=O)[N+]([O-])=O)[N+]([O-])=O",246.023648549,5.25746583333334,3.27965733333334,7.30822510000001,0.735341333795119,0.00773892216113224,82.6510252490959,4.51389200319102,"CTV",""
"RfC","Ammonium Picrate","131-74-8","OC1=C(C=C(C=C1[N+]([O-])=O)[N+]([O-])=O)[N+]([O-])=O",246.023648549,9.02281416666663,6.6290864833333,11.0416690166666,0.000233433234720827,2.23515599269798e-06,0.0577950137639631,7.18173132829763,"CTV",""
"IUR","Ammonium Picrate","131-74-8","OC1=C(C=C(C=C1[N+]([O-])=O)[N+]([O-])=O)[N+]([O-])=O",246.023648549,4.51640033333333,2.131786175,6.38051603333333,0.133482237679952,0.000550565913769495,9.7620084333055,12.508767756956,"CTV",""
"RfD","Benzo[e]pyrene (BeP)","192-97-2","C1=CC2=C3C=CC=C4C=CC5=CC=CC(=C2C=C1)C5=C34",252.0939003864,8.24373675489671,6.63334849540276,9.74861415198443,0.00143822085775073,4.4972619630073e-05,0.0586426844202393,19.661585246838,"CTV",""
"RfDNOAEL","Benzo[e]pyrene (BeP)","192-97-2","C1=CC2=C3C=CC=C4C=CC5=CC=CC(=C2C=C1)C5=C34",252.0939003864,5.4038375929459,3.8000509049529,6.84658319785014,0.994774730653626,0.0358904695224432,39.9495077828117,8.44105173658739,"CTV",""
"RfDBMDL","Benzo[e]pyrene (BeP)","192-97-2","C1=CC2=C3C=CC=C4C=CC5=CC=CC(=C2C=C1)C5=C34",252.0939003864,4.96372408571729,3.1829562345459,6.68098551413734,2.74055329408046,0.0525504964929634,165.426889239183,9.8679896100673,"CTV",""
"RfDBMD","Benzo[e]pyrene (BeP)","192-97-2","C1=CC2=C3C=CC=C4C=CC5=CC=CC(=C2C=C1)C5=C34",252.0939003864,4.4973009935101,2.4990197570573,6.43521348237433,8.02160632164465,0.0925441253791742,798.992275468888,9.8679896100673,"CTV",""
"OSF","Benzo[e]pyrene (BeP)","192-97-2","C1=CC2=C3C=CC=C4C=CC5=CC=CC(=C2C=C1)C5=C34",252.0939003864,6.80838149999999,4.81954144888752,8.64210747198426,25.5163859392572,0.261805708117201,1739.98351734715,15.7076813182275,"CTV",""
"CPV","Benzo[e]pyrene (BeP)","192-97-2","C1=CC2=C3C=CC=C4C=CC5=CC=CC(=C2C=C1)C5=C34",252.0939003864,7.00182949999999,5.02402099999999,9.05258876666666,39.8352147066432,0.419236090395805,4477.40550572566,12.8960457879574,"CTV",""
"RfC","Benzo[e]pyrene (BeP)","192-97-2","C1=CC2=C3C=CC=C4C=CC5=CC=CC(=C2C=C1)C5=C34",252.0939003864,9.69682266666661,7.30309498333328,11.7156775166666,5.06686894106388e-05,4.85159814170358e-07,0.0125449043508823,11.1646245051168,"CTV",""
"IUR","Benzo[e]pyrene (BeP)","192-97-2","C1=CC2=C3C=CC=C4C=CC5=CC=CC(=C2C=C1)C5=C34",252.0939003864,5.68431649999999,3.29970234166666,7.54843219999999,1.91758296211018,0.00790933560983879,140.239341001803,13.484426837941,"CTV",""
"RfD","2,3-Benzofluorene","243-17-4","C1C2=CC=CC=C2C2=CC3=CC=CC=C3C=C12",216.0939003864,7.93795459954,6.32756634004605,9.44283199662772,0.00249280271400213,7.79489934841853e-05,0.101642694229706,18.9399064163433,"CTV",""
"RfDNOAEL","2,3-Benzofluorene","243-17-4","C1C2=CC=CC=C2C2=CC3=CC=CC=C3C=C12",216.0939003864,4.96107294402948,3.35728625603648,6.40381854893372,2.36357596123375,0.0852754381335173,94.9196771378908,7.98331995942111,"CTV",""
"RfDBMDL","2,3-Benzofluorene","243-17-4","C1C2=CC=CC=C2C2=CC3=CC=CC=C3C=C12",216.0939003864,4.04676142114333,2.26599356997194,5.76402284956338,19.4035452260452,0.372065720288966,1171.24820520356,9.31437317372482,"CTV",""
"RfDBMD","2,3-Benzofluorene","243-17-4","C1C2=CC=CC=C2C2=CC3=CC=CC=C3C=C12",216.0939003864,3.74850011782053,1.75021888136773,5.68641260668476,38.5604763766521,0.444866703424799,3840.81710420174,9.31437317372482,"CTV",""
"OSF","2,3-Benzofluorene","243-17-4","C1C2=CC=CC=C2C2=CC3=CC=CC=C3C=C12",216.0939003864,6.92016299999999,4.93132294888752,8.75388897198426,38.5052982487719,0.395075811217223,2625.70821913777,14.2623393089407,"CTV",""
"CPV","2,3-Benzofluorene","243-17-4","C1C2=CC=CC=C2C2=CC3=CC=CC=C3C=C12",216.0939003864,6.66051899999998,4.68271049999998,8.71127826666665,21.1775878331791,0.222878405264756,2380.32226161071,11.4981726863357,"CTV",""
"RfC","2,3-Benzofluorene","243-17-4","C1C2=CC=CC=C2C2=CC3=CC=CC=C3C=C12",216.0939003864,9.79689733333328,7.40316964999995,11.8157521833333,3.44941283517593e-05,3.30286121385136e-07,0.00854029472388564,8.30554254847155,"CTV",""
"IUR","2,3-Benzofluorene","243-17-4","C1C2=CC=CC=C2C2=CC3=CC=CC=C3C=C12",216.0939003864,5.56715633333333,3.182542175,7.43127203333333,1.70810209349395,0.00704530285273551,124.919295117114,13.3299322931085,"CTV",""
"RfD","1-Bromo-2-chloroethane","107-04-0","ClCCBr",141.918491,7.30539656503971,5.69500830554576,8.81027396212743,0.00702493677126638,0.000219667103030036,0.286438030660872,-0.207259156616303,"CTV",""
"RfDNOAEL","1-Bromo-2-chloroethane","107-04-0","ClCCBr",141.918491,3.95297281922944,2.34918613123644,5.39571842413368,15.8148896339854,0.570585276162381,635.115707153196,-0.110041604290067,"CTV",""
"RfDBMDL","1-Bromo-2-chloroethane","107-04-0","ClCCBr",141.918491,4.29210522541675,2.51133737424536,6.0093666538368,7.24325474018394,0.138890432688846,437.221601281662,-0.353128293740439,"CTV",""
"RfDBMD","1-Bromo-2-chloroethane","107-04-0","ClCCBr",141.918491,4.02636593571962,2.02808469926682,5.96427842458385,13.3558966266644,0.154085070048152,1330.31437953663,-0.353128293740439,"CTV",""
"OSF","1-Bromo-2-chloroethane","107-04-0","ClCCBr",141.918491,5.45,NA,NA,2,NA,NA,NA,"PPRTV",""
"CPV","1-Bromo-2-chloroethane","107-04-0","ClCCBr",141.918491,4.39294233333333,2.41513383333333,6.4437016,0.17414192808204,0.00183271463805934,19.5732352220052,-0.383390970629822,"CTV",""
"RfC","1-Bromo-2-chloroethane","107-04-0","ClCCBr",141.918491,7.39251316666668,4.99878548333335,9.41136801666669,0.00574811989402588,5.5039054928249e-05,1.42315925489121,-0.244777448616648,"CTV",""
"IUR","1-Bromo-2-chloroethane","107-04-0","ClCCBr",141.918491,4.93,NA,NA,6e-04,NA,NA,NA,"PPRTV",""
"RfD","1-Bromo-3-fluorobenzene","1073-06-9","FC1=CC(Br)=CC=C1",173.948041,7.58910193917708,5.97871367968313,9.0939793362648,0.00448040840131864,0.000140100667942621,0.182686250540983,4.89769275945286,"CTV",""
"RfDNOAEL","1-Bromo-3-fluorobenzene","1073-06-9","FC1=CC(Br)=CC=C1",173.948041,4.28139956967875,2.67761288168575,5.72414517458299,9.09955118854476,0.328302634291676,365.432072031028,3.20712862330883,"CTV",""
"RfDBMDL","1-Bromo-3-fluorobenzene","1073-06-9","FC1=CC(Br)=CC=C1",173.948041,4.88016228894262,3.09939443777123,6.59742371736267,2.29222504395389,0.043953738974377,138.364635811497,5.89194404746117,"CTV",""
"RfDBMD","1-Bromo-3-fluorobenzene","1073-06-9","FC1=CC(Br)=CC=C1",173.948041,4.59439520767084,2.59611397121804,6.53230769653507,4.42613172204283,0.051063648925804,440.864948280703,5.89194404746117,"CTV",""
"OSF","1-Bromo-3-fluorobenzene","1073-06-9","FC1=CC(Br)=CC=C1",173.948041,4.79909316666667,2.8102531155542,6.63281913865094,0.361970872462821,0.00371392879887161,24.6830939673195,6.71731625895332,"CTV",""
"CPV","1-Bromo-3-fluorobenzene","1073-06-9","FC1=CC(Br)=CC=C1",173.948041,5.38105966666667,3.40325116666667,7.43181893333334,1.38242037016066,0.0145489491028908,155.381529186347,5.12599296724173,"CTV",""
"RfC","1-Bromo-3-fluorobenzene","1073-06-9","FC1=CC(Br)=CC=C1",173.948041,7.228757,4.83502931666667,9.24761185000001,0.0102721781346446,9.83575476866897e-05,2.54325686480622,3.24302441400463,"CTV",""
"IUR","1-Bromo-3-fluorobenzene","1073-06-9","FC1=CC(Br)=CC=C1",173.948041,4.3447705,1.96015634166667,6.2088862,0.127160128439296,0.000524489501570161,9.29965115793878,8.68102044462435,"CTV",""
"RfD","p-Bromofluorobenzene","460-00-4","FC1=CC=C(Br)C=C1",173.948041,7.55763332628183,5.94724506678788,9.06251072336955,0.00481710614175249,0.000150629078324958,0.196414920397816,4.83371625839539,"CTV",""
"RfDNOAEL","p-Bromofluorobenzene","460-00-4","FC1=CC=C(Br)C=C1",173.948041,4.23904384815817,2.63525716016517,5.68178945306241,10.0317267466093,0.361934588768745,402.867637656399,3.1222331985567,"CTV",""
"RfDBMDL","p-Bromofluorobenzene","460-00-4","FC1=CC=C(Br)C=C1",173.948041,4.86957474358788,3.08880689241649,6.58683617200793,2.34879329516265,0.0450384431810714,141.779241850131,5.8544861402748,"CTV",""
"RfDBMD","p-Bromofluorobenzene","460-00-4","FC1=CC=C(Br)C=C1",173.948041,4.56334642530456,2.56506518885176,6.50125891416879,4.75415258991282,0.0548479787851783,473.537474095581,5.8544861402748,"CTV",""
"OSF","p-Bromofluorobenzene","460-00-4","FC1=CC=C(Br)C=C1",173.948041,4.63176578165117,2.6429257305387,6.46549175363544,0.246232990459967,0.00252642370995053,16.7908318147939,6.6899296286759,"CTV",""
"CPV","p-Bromofluorobenzene","460-00-4","FC1=CC=C(Br)C=C1",173.948041,5.23529733333334,3.25748883333334,7.28605660000001,0.988274958836087,0.0104008609726263,111.080303556782,5.10133271932618,"CTV",""
"RfC","p-Bromofluorobenzene","460-00-4","FC1=CC=C(Br)C=C1",173.948041,7.19769716666667,4.80396948333334,9.21655201666668,0.0110337305854444,0.000105649519312729,2.73180728449513,3.23094174656926,"CTV",""
"IUR","p-Bromofluorobenzene","460-00-4","FC1=CC=C(Br)C=C1",173.948041,4.09515666666667,1.71054250833334,5.95927236666667,0.0715710064754946,0.000295204495103408,5.23423026866802,8.65073277339434,"CTV",""
"RfD","tert-Butyl Formate","762-75-4","CC(C)(C)OC=O",102.068079562,6.12807574750856,4.51768748801461,7.63295314459628,0.0760001056441371,0.00237649441986575,3.09886356269659,0.420118719794937,"CTV",""
"RfDNOAEL","tert-Butyl Formate","762-75-4","CC(C)(C)OC=O",102.068079562,3.30653469211794,1.70274800412494,4.74928029702218,50.3912639017753,1.81806600583403,2023.68046492994,0.110532228410114,"CTV",""
"RfDBMDL","tert-Butyl Formate","762-75-4","CC(C)(C)OC=O",102.068079562,3.31937369803075,1.53860584685936,5.0366351264508,48.9233565323961,0.938112271501113,2953.14041138151,0.491428141913949,"CTV",""
"RfDBMD","tert-Butyl Formate","762-75-4","CC(C)(C)OC=O",102.068079562,3.10892580100888,1.11064456455608,5.04683828987311,79.4262653715323,0.91632946896297,7911.25492284008,0.491428141913949,"CTV",""
"OSF","tert-Butyl Formate","762-75-4","CC(C)(C)OC=O",102.068079562,3.29197237108968,1.30313231997721,5.12569834307395,0.0191903293199724,0.000196898485881889,1.30860447042556,0.0283744767220008,"CTV",""
"CPV","tert-Butyl Formate","762-75-4","CC(C)(C)OC=O",102.068079562,4.24050699999999,2.26269849999999,6.29126626666666,0.170457869692131,0.00179394265584337,19.1591537757304,0.0644188936765167,"CTV",""
"RfC","tert-Butyl Formate","762-75-4","CC(C)(C)OC=O",102.068079562,5.86275299999999,3.46902531666666,7.88160785,0.14000287156608,0.00134054714938125,34.6628786549305,-0.0648977773986627,"CTV",""
"IUR","tert-Butyl Formate","762-75-4","CC(C)(C)OC=O",102.068079562,3.75791733333333,1.373303175,5.62203303333333,0.0561083361021092,0.000231426576846962,4.10339277890152,0.242948558602788,"CTV",""
"RfD","p,p'-DDD","72-54-8","Clc1ccc(C(C(Cl)Cl)c2ccc(Cl)cc2)cc1",317.9536611,9.78994037996082,8.17955212046687,11.2948177770485,5.15731252901227e-05,1.61267202760091e-06,0.0021028665344793,10.1564409258123,"CTV",""
"RfDNOAEL","p,p'-DDD","72-54-8","Clc1ccc(C(C(Cl)Cl)c2ccc(Cl)cc2)cc1",317.9536611,6.01077598988651,4.40698930189351,7.45352159479075,0.310161465606569,0.0111903130280306,12.4558832289964,4.44711118587187,"CTV",""
"RfDBMDL","p,p'-DDD","72-54-8","Clc1ccc(C(C(Cl)Cl)c2ccc(Cl)cc2)cc1",317.9536611,5.71104368225592,3.93027583108453,7.42830511067597,0.618472149746541,0.0118592908251238,37.3325795322542,6.51254150276693,"CTV",""
"RfDBMD","p,p'-DDD","72-54-8","Clc1ccc(C(C(Cl)Cl)c2ccc(Cl)cc2)cc1",317.9536611,5.41431596018779,3.41603472373499,7.35222844905202,1.22475118936527,0.0141297793835978,121.99136936373,6.51254150276693,"CTV",""
"OSF","p,p'-DDD","72-54-8","Clc1ccc(C(C(Cl)Cl)c2ccc(Cl)cc2)cc1",317.9536611,4.88,NA,NA,0.24,NA,NA,NA,"IRIS",""
"CPV","p,p'-DDD","72-54-8","Clc1ccc(C(C(Cl)Cl)c2ccc(Cl)cc2)cc1",317.9536611,5.05,NA,NA,0.35,NA,NA,NA,"CalEPA",""
"RfC","p,p'-DDD","72-54-8","Clc1ccc(C(C(Cl)Cl)c2ccc(Cl)cc2)cc1",317.9536611,8.89089783333329,6.49717014999996,10.9097526833333,0.000408757746997446,3.913912810469e-06,0.101203068372407,6.86760139299001,"CTV",""
"IUR","p,p'-DDD","72-54-8","Clc1ccc(C(C(Cl)Cl)c2ccc(Cl)cc2)cc1",317.9536611,4.34,NA,NA,6.9e-05,NA,NA,NA,"CalEPA",""
"RfD","Dibenzothiophene","132-65-0","S1C2=C(C=CC=C2)C2=C1C=CC=C2",184.034671432,7.82787665593237,6.21748839643842,9.33275405302009,0.00273541355204388,8.55353421861843e-05,0.111535021083081,15.3570593864747,"CTV",""
"RfDNOAEL","Dibenzothiophene","132-65-0","S1C2=C(C=CC=C2)C2=C1C=CC=C2",184.034671432,4.50358640538358,2.89979971739058,5.94633201028782,5.77182619371279,0.208241670913953,231.792795234414,6.51168551183559,"CTV",""
"RfDBMDL","Dibenzothiophene","132-65-0","S1C2=C(C=CC=C2)C2=C1C=CC=C2",184.034671432,4.97275301323239,3.191985162061,6.69001444165244,1.95950617727093,0.0375738077121272,118.280863959501,7.4472392557348,"CTV",""
"RfDBMD","Dibenzothiophene","132-65-0","S1C2=C(C=CC=C2)C2=C1C=CC=C2",184.034671432,4.57314479433883,2.57486355788603,6.51105728320306,4.91761874778174,0.0567338644796998,489.819524373394,7.4472392557348,"CTV",""
"OSF","Dibenzothiophene","132-65-0","S1C2=C(C=CC=C2)C2=C1C=CC=C2",184.034671432,5.31344516666667,3.3246051155542,7.14717113865094,1.11826701915798,0.0114737521807248,76.2555553893797,13.2694300553175,"CTV",""
"CPV","Dibenzothiophene","132-65-0","S1C2=C(C=CC=C2)C2=C1C=CC=C2",184.034671432,5.96249899999999,3.98469049999999,8.01325826666666,4.98424463254049,0.0524554781168049,560.22000945557,10.3492381519862,"CTV",""
"RfC","Dibenzothiophene","132-65-0","S1C2=C(C=CC=C2)C2=C1C=CC=C2",184.034671432,8.86821749999997,6.47448981666664,10.88707235,0.000249276966003862,2.38686194393634e-06,0.0617177142683307,6.09768078270419,"CTV",""
"IUR","Dibenzothiophene","132-65-0","S1C2=C(C=CC=C2)C2=C1C=CC=C2",184.034671432,5.04413866666667,2.65952450833334,6.90825436666668,0.601504688045028,0.00248098911110692,43.9900764283508,11.1165735603385,"CTV",""
"RfD","cis-1,2-Dichloroethylene","156-59-2","Cl/C=C\Cl",95.9533555,7.681030171,NA,NA,0.002,NA,NA,NA,"IRIS",""
"RfDNOAEL","cis-1,2-Dichloroethylene","156-59-2","Cl/C=C\Cl",95.9533555,4.08767373927632,2.48388705128332,5.53041934418056,7.84127034535633,0.282905129850187,314.900329729039,-0.110317715394298,"CTV",""
"RfDBMDL","cis-1,2-Dichloroethylene","156-59-2","Cl/C=C\Cl",95.9533555,4.27448999,NA,NA,5.1,NA,NA,NA,"IRIS",""
"RfDBMD","cis-1,2-Dichloroethylene","156-59-2","Cl/C=C\Cl",95.9533555,3.70222811664236,1.70394688018956,5.64014060550659,19.047239823488,0.219745282886267,1897.20074480669,-0.364403830456835,"CTV",""
"OSF","cis-1,2-Dichloroethylene","156-59-2","Cl/C=C\Cl",95.9533555,4.09390634030543,2.10506628919296,5.9276323122897,0.129373752067704,0.00132741317099119,8.82210344015963,-0.327561159519035,"CTV",""
"CPV","cis-1,2-Dichloroethylene","156-59-2","Cl/C=C\Cl",95.9533555,3.89564350000001,1.91783500000001,5.94640276666668,0.0819564867916261,0.000862531239209482,9.21175969285195,-0.328552087560927,"CTV",""
"RfC","cis-1,2-Dichloroethylene","156-59-2","Cl/C=C\Cl",95.9533555,6.2,NA,NA,0.06,NA,NA,NA,"PPRTV",""
"IUR","cis-1,2-Dichloroethylene","156-59-2","Cl/C=C\Cl",95.9533555,3.18560216666666,0.800988008333335,5.04971786666666,0.0159787204951797,6.59064382138184e-05,1.1685779841463,-0.343861511557228,"CTV",""
"RfD","2,2-Difluoropropane","420-45-1","CC(C)(F)F",80.043756519,6.68182385555644,5.07143559606249,8.18670125264416,0.0166534265788376,0.000520746320032314,0.67903454056822,0.00228460295066443,"CTV",""
"RfDNOAEL","2,2-Difluoropropane","420-45-1","CC(C)(F)F",80.043756519,3.34806552681876,1.74427883882576,4.790811131723,35.9138476020479,1.29573541936278,1442.27681914077,-0.091616604305526,"CTV",""
"RfDBMDL","2,2-Difluoropropane","420-45-1","CC(C)(F)F",80.043756519,3.37392964229888,1.59316179112749,5.09119107071893,33.8374650292592,0.648838171179404,2042.51695875455,1.12429997385556,"CTV",""
"RfDBMD","2,2-Difluoropropane","420-45-1","CC(C)(F)F",80.043756519,3.14810199245907,1.14982075600627,5.0860144813233,56.9148335112938,0.656618297783042,5669.00325342793,1.12429997385556,"CTV",""
"OSF","2,2-Difluoropropane","420-45-1","CC(C)(F)F",80.043756519,3.60527856446435,1.61643851335188,5.43900453644862,0.0503443922198894,0.000516548436218,3.43302585491532,2.92937350742606,"CTV",""
"CPV","2,2-Difluoropropane","420-45-1","CC(C)(F)F",80.043756519,3.67528783333333,1.69747933333333,5.7260471,0.0591507657275026,0.00062251793921876,6.64843822448489,2.10719634574675,"CTV",""
"RfC","2,2-Difluoropropane","420-45-1","CC(C)(F)F",80.043756519,3.98670616666667,1.59297848333334,6.00556101666668,8.25317959130017,0.0790253531994659,2043.37924994318,-0.265069181343256,"CTV",""
"IUR","2,2-Difluoropropane","420-45-1","CC(C)(F)F",80.043756519,3.07714516666666,0.692531008333334,4.94126086666666,0.0149216793902598,6.15465262739428e-05,1.09127298566913,1.90264080453487,"CTV",""
"RfD","3,5-Dinitroaniline","618-87-1","NC1=CC(=CC(=C1)[N+]([O-])=O)[N+]([O-])=O",183.028005653,7.83846475287862,6.22807649338467,9.34334214996634,0.00265492828628711,8.3018598514169e-05,0.108253277521362,5.28318651982911,"CTV",""
"RfDNOAEL","3,5-Dinitroaniline","618-87-1","NC1=CC(=CC(=C1)[N+]([O-])=O)[N+]([O-])=O",183.028005653,4.92823242664036,3.32444573864736,6.3709780315446,2.15916146587069,0.0779003691960974,86.7105236262604,4.03061675188521,"CTV",""
"RfDBMDL","3,5-Dinitroaniline","618-87-1","NC1=CC(=CC(=C1)[N+]([O-])=O)[N+]([O-])=O",183.028005653,4.92698830545244,3.14622045428105,6.64424973387249,2.16535567273315,0.0415210008620402,130.706472233321,5.76916991239879,"CTV",""
"RfDBMD","3,5-Dinitroaniline","618-87-1","NC1=CC(=CC(=C1)[N+]([O-])=O)[N+]([O-])=O",183.028005653,4.55042412784376,2.55214289139096,6.48833661670799,5.15339485628226,0.0594539797373647,513.304008886642,5.76916991239879,"CTV",""
"OSF","3,5-Dinitroaniline","618-87-1","NC1=CC(=CC(=C1)[N+]([O-])=O)[N+]([O-])=O",183.028005653,4.94050613590081,2.95166608478834,6.77423210788508,0.476418468195439,0.00488819516693869,32.4873704290731,4.73047342920942,"CTV",""
"CPV","3,5-Dinitroaniline","618-87-1","NC1=CC(=CC(=C1)[N+]([O-])=O)[N+]([O-])=O",183.028005653,5.39402683333333,3.41621833333333,7.4447861,1.35365903354768,0.014246257366321,152.148807388527,3.84663843605473,"CTV",""
"RfC","3,5-Dinitroaniline","618-87-1","NC1=CC(=CC(=C1)[N+]([O-])=O)[N+]([O-])=O",183.028005653,8.67220366666664,6.27847598333331,10.6910585166666,0.000389326424066967,3.72785516556658e-06,0.0963921271302047,5.82276710214012,"CTV",""
"IUR","3,5-Dinitroaniline","618-87-1","NC1=CC(=CC(=C1)[N+]([O-])=O)[N+]([O-])=O",183.028005653,4.50991150000001,2.12529734166668,6.37402720000001,0.176764053660962,0.000729087737941516,12.9273543247077,9.86023855837276,"CTV",""
"RfD","n-Heptanal","111-71-7","CCCCCCC=O",114.104465071,6.51309619348924,4.90270793399529,8.01797359057696,0.0350111556185716,0.0010947855303015,1.42756110027409,-0.195019504913747,"CTV",""
"RfDNOAEL","n-Heptanal","111-71-7","CCCCCCC=O",114.104465071,3.26771457503634,1.66392788704334,4.71046017994058,61.6010428271752,2.22250352970543,2473.8579137777,-0.0866589209990551,"CTV",""
"RfDBMDL","n-Heptanal","111-71-7","CCCCCCC=O",114.104465071,3.36134031887846,1.58057246770707,5.07860174729851,49.654923877061,0.952140178662496,2997.29970956348,-0.245541203812147,"CTV",""
"RfDBMD","n-Heptanal","111-71-7","CCCCCCC=O",114.104465071,2.97125813048874,0.972976894035939,4.90917061935297,121.911453391525,1.40647500954765,12142.9930172693,-0.245541203812147,"CTV",""
"OSF","n-Heptanal","111-71-7","CCCCCCC=O",114.104465071,4.30963422764497,2.3207941765325,6.14336019962924,0.178785209744384,0.00183438942134818,12.1915117149125,0.115154506373949,"CTV",""
"CPV","n-Heptanal","111-71-7","CCCCCCC=O",114.104465071,4.50596383333333,2.52815533333333,6.5567231,0.280970803876121,0.00295700932453484,31.5806060915573,0.244020423419186,"CTV",""
"RfC","n-Heptanal","111-71-7","CCCCCCC=O",114.104465071,6.29009350000001,3.89636581666668,8.30894835000002,0.0585071764100558,0.000560214427586418,14.4856111425341,-0.141832309388531,"CTV",""
"IUR","n-Heptanal","111-71-7","CCCCCCC=O",114.104465071,3.99515633333333,1.610542175,5.85927203333333,0.0866669861120951,0.000357469946801922,6.33825042208229,0.361936288641186,"CTV",""
"RfD","delta-Hexachlorocyclohexane","319-86-8","ClC1C(Cl)C(Cl)C(Cl)C(Cl)C1Cl",287.8600664,8.70328126796438,7.09289300847043,10.2081586650521,0.000570033203393446,1.78247216305972e-05,0.0232427982639184,-0.274197990091793,"CTV",""
"RfDNOAEL","delta-Hexachlorocyclohexane","319-86-8","ClC1C(Cl)C(Cl)C(Cl)C(Cl)C1Cl",287.8600664,5.92874048457279,4.32495379657979,7.37148608947703,0.339188357343359,0.0122375740220106,13.6215843687789,-0.22187324312601,"CTV",""
"RfDBMDL","delta-Hexachlorocyclohexane","319-86-8","ClC1C(Cl)C(Cl)C(Cl)C(Cl)C1Cl",287.8600664,5.7361138481007,3.95534599692931,7.45337527652075,0.528527480496201,0.0101345890883576,31.9032865242074,0.512220192135853,"CTV",""
"RfDBMD","delta-Hexachlorocyclohexane","319-86-8","ClC1C(Cl)C(Cl)C(Cl)C(Cl)C1Cl",287.8600664,5.4515462963844,3.4532650599316,7.38945878524863,1.01773597169708,0.0117414744118632,101.371614019332,0.512220192135853,"CTV",""
"OSF","delta-Hexachlorocyclohexane","319-86-8","ClC1C(Cl)C(Cl)C(Cl)C(Cl)C1Cl",287.8600664,5.66937833333334,3.68053828222087,7.50310430531761,1.62254560391797,0.016647800429004,110.642730270741,-0.297062254449213,"CTV",""
"CPV","delta-Hexachlorocyclohexane","319-86-8","ClC1C(Cl)C(Cl)C(Cl)C(Cl)C1Cl",287.8600664,5.605093,3.6272845,7.65585226666667,1.39930239921584,0.0147266199378834,157.279038472944,-0.298708372211879,"CTV",""
"RfC","delta-Hexachlorocyclohexane","319-86-8","ClC1C(Cl)C(Cl)C(Cl)C(Cl)C1Cl",287.8600664,8.76589099999998,6.37216331666665,10.78474585,0.000493503709241085,4.72536729591263e-06,0.122185059476497,1.21412132102871,"CTV",""
"IUR","delta-Hexachlorocyclohexane","319-86-8","ClC1C(Cl)C(Cl)C(Cl)C(Cl)C1Cl",287.8600664,5.40285450000001,3.01824034166668,7.26697020000001,0.878361069347601,0.00362292147007921,64.2375219017352,-0.286785814231643,"CTV",""
"RfD","4-Methyl-2-Pentanol","108-11-2","CC(C)CC(C)O",102.104465071,6.17978824578855,4.5693999862946,7.68466564287627,0.0674926512713186,0.00211046955486182,2.75197667163522,-0.285691982146569,"CTV",""
"RfDNOAEL","4-Methyl-2-Pentanol","108-11-2","CC(C)CC(C)O",102.104465071,3.04136738934645,1.43758070135345,4.48411299425069,92.8276476329799,3.34912795384588,3727.8981032592,-0.232544335157121,"CTV",""
"RfDBMDL","4-Methyl-2-Pentanol","108-11-2","CC(C)CC(C)O",102.104465071,2.88450589552193,1.10373804435054,4.60176732394198,133.210616694721,2.55433238994545,8040.93756579716,-0.262981416745947,"CTV",""
"RfDBMD","4-Methyl-2-Pentanol","108-11-2","CC(C)CC(C)O",102.104465071,2.68391625239847,0.685635015945674,4.6218287412627,211.411438840926,2.43902354692906,21057.6410517527,-0.262981416745947,"CTV",""
"OSF","4-Methyl-2-Pentanol","108-11-2","CC(C)CC(C)O",102.104465071,3.6831598861959,1.69431983508343,5.51688585818017,0.0472188223887541,0.000484479160229695,3.21989065616738,-0.0439545499670989,"CTV",""
"CPV","4-Methyl-2-Pentanol","108-11-2","CC(C)CC(C)O",102.104465071,4.21233183333333,2.23452333333333,6.2630911,0.159693448347863,0.00168065510479143,17.9492524422568,0.0140546677136339,"CTV",""
"RfC","4-Methyl-2-Pentanol","108-11-2","CC(C)CC(C)O",102.104465071,5.05536533333334,2.66163765000001,7.07422018333335,0.898833811718011,0.00860645992891186,222.539487926323,-0.213198798187354,"CTV",""
"IUR","4-Methyl-2-Pentanol","108-11-2","CC(C)CC(C)O",102.104465071,3.64457783333334,1.25996367500001,5.50869353333334,0.043204909418699,0.000178204612440409,3.15972145385218,0.197378535106373,"CTV",""
"RfD","Pentamethylphosphoramide (PMPA)","10159-46-3","CNP(=O)(N(C)C)N(C)C",165.103099145,7.22762978489082,5.61724152539687,8.73250718197854,0.00977519524578435,0.000305666640300214,0.39857834549922,0.664424038799264,"CTV",""
"RfDNOAEL","Pentamethylphosphoramide (PMPA)","10159-46-3","CNP(=O)(N(C)C)N(C)C",165.103099145,4.2389799589354,2.6351932709424,5.68172556383964,9.52303250105818,0.343581413166669,382.438806790981,0.312430621399914,"CTV",""
"RfDBMDL","Pentamethylphosphoramide (PMPA)","10159-46-3","CNP(=O)(N(C)C)N(C)C",165.103099145,4.14838951521454,2.36762166404315,5.86565094363459,11.7318286233805,0.224959470870593,708.163537065683,1.65449294405222,"CTV",""
"RfDBMD","Pentamethylphosphoramide (PMPA)","10159-46-3","CNP(=O)(N(C)C)N(C)C",165.103099145,3.72660984904774,1.72832861259494,5.66452233791197,30.9845630779026,0.357464474735336,3086.21809215725,1.65449294405222,"CTV",""
"OSF","Pentamethylphosphoramide (PMPA)","10159-46-3","CNP(=O)(N(C)C)N(C)C",165.103099145,5.02160750581009,3.03276745469762,6.85533347779436,0.636578959970973,0.00653148944307604,43.4088471806415,0.995973429767302,"CTV",""
"CPV","Pentamethylphosphoramide (PMPA)","10159-46-3","CNP(=O)(N(C)C)N(C)C",165.103099145,5.7658175,3.788009,7.81657676666667,3.53233817209345,0.0371752394490636,397.028370407618,1.437806075497,"CTV",""
"RfC","Pentamethylphosphoramide (PMPA)","10159-46-3","CNP(=O)(N(C)C)N(C)C",165.103099145,8.10443383333333,5.71070615,10.1232886833333,0.00129813958139614,1.24298687296439e-05,0.321402370421084,2.78740694826042,"CTV",""
"IUR","Pentamethylphosphoramide (PMPA)","10159-46-3","CNP(=O)(N(C)C)N(C)C",165.103099145,4.93557216666666,2.55095800833333,6.79968786666667,0.522176040983683,0.00215378715662555,38.1885036118061,4.11646556683411,"CTV",""
"RfD","Perylene","198-55-0","C1=CC2=C3C(=C1)C1=CC=CC4=C1C(=CC=C4)C3=CC=C2",252.0939003864,8.22682844178465,6.6164401822907,9.73170583887237,0.00149531915247894,4.67580616061777e-05,0.0609708367764196,19.654833134166,"CTV",""
"RfDNOAEL","Perylene","198-55-0","C1=CC2=C3C(=C1)C1=CC=CC4=C1C(=CC=C4)C3=CC=C2",252.0939003864,5.32605140568354,3.72226471769054,6.76879701058778,1.18990128086,0.042930438761107,47.7856634428785,8.44148295254951,"CTV",""
"RfDBMDL","Perylene","198-55-0","C1=CC2=C3C(=C1)C1=CC=CC4=C1C(=CC=C4)C3=CC=C2",252.0939003864,4.945995056139,3.16522720496761,6.66325648455905,2.85474474093063,0.0547401336148496,172.319780492546,9.84686820619587,"CTV",""
"RfDBMD","Perylene","198-55-0","C1=CC2=C3C(=C1)C1=CC=CC4=C1C(=CC=C4)C3=CC=C2",252.0939003864,4.47423171405733,2.47595047760453,6.41214420292156,8.45922591716788,0.0975928800914576,842.581384980959,9.84686820619587,"CTV",""
"OSF","Perylene","198-55-0","C1=CC2=C3C(=C1)C1=CC=CC4=C1C(=CC=C4)C3=CC=C2",252.0939003864,6.80232099999999,4.81348094888753,8.63604697198426,25.1627824185834,0.258177630836073,1715.87100003717,15.6875897097585,"CTV",""
"CPV","Perylene","198-55-0","C1=CC2=C3C(=C1)C1=CC=CC4=C1C(=CC=C4)C3=CC=C2",252.0939003864,7.00496649999999,5.02715799999999,9.05572576666666,40.123994508337,0.422275283630709,4509.86382893461,12.8803374154342,"CTV",""
"RfC","Perylene","198-55-0","C1=CC2=C3C(=C1)C1=CC=CC4=C1C(=CC=C4)C3=CC=C2",252.0939003864,9.70819483333327,7.31446714999994,11.7270496833333,4.93591309222237e-05,4.72620607802978e-07,0.012220674808533,11.1204587534413,"CTV",""
"IUR","Perylene","198-55-0","C1=CC2=C3C(=C1)C1=CC=CC4=C1C(=CC=C4)C3=CC=C2",252.0939003864,5.68391316666666,3.29929900833333,7.54802886666666,1.91580291164245,0.00790199354598554,140.109159878234,13.4687446610769,"CTV",""
"RfD","1-Phenyl-1-(2,4-dimethylphenyl)-ethane (PXE)","6165-52-2","CC(C1=CC=CC=C1)C1=CC=C(C)C=C1C",210.1408505796,7.71380668570147,6.10341842620752,9.21868408278918,0.0040616621897143,0.000127006633049073,0.165612098259748,10.6856999510166,"CTV",""
"RfDNOAEL","1-Phenyl-1-(2,4-dimethylphenyl)-ethane (PXE)","6165-52-2","CC(C1=CC=CC=C1)C1=CC=C(C)C=C1C",210.1408505796,5.22078025318349,3.61699356519049,6.66352585808773,1.26395098481579,0.0456020774357492,50.75945151101,4.56318810446442,"CTV",""
"RfDBMDL","1-Phenyl-1-(2,4-dimethylphenyl)-ethane (PXE)","6165-52-2","CC(C1=CC=CC=C1)C1=CC=C(C)C=C1C",210.1408505796,4.00383404758475,2.22306619641336,5.7210954760048,20.8293845628212,0.399406390958871,1257.31555756894,7.0912427894576,"CTV",""
"RfDBMD","1-Phenyl-1-(2,4-dimethylphenyl)-ethane (PXE)","6165-52-2","CC(C1=CC=CC=C1)C1=CC=C(C)C=C1C",210.1408505796,3.71834952615588,1.72006828970309,5.65626201502011,40.1939751477749,0.463712145225353,4003.52178550645,7.0912427894576,"CTV",""
"OSF","1-Phenyl-1-(2,4-dimethylphenyl)-ethane (PXE)","6165-52-2","CC(C1=CC=CC=C1)C1=CC=C(C)C=C1C",210.1408505796,5.60442983333333,3.61558978222086,7.4381558053176,1.91390046313969,0.019637187931353,130.510459734921,9.12297660646817,"CTV",""
"CPV","1-Phenyl-1-(2,4-dimethylphenyl)-ethane (PXE)","6165-52-2","CC(C1=CC=CC=C1)C1=CC=C(C)C=C1C",210.1408505796,6.43371216666665,4.45590366666665,8.48447143333332,12.9181903876051,0.135954372857568,1451.9810472072,7.6278919935307,"CTV",""
"RfC","1-Phenyl-1-(2,4-dimethylphenyl)-ethane (PXE)","6165-52-2","CC(C1=CC=CC=C1)C1=CC=C(C)C=C1C",210.1408505796,8.321868,5.92814031666667,10.34072285,0.00100148047305294,9.58931612112284e-06,0.247953457842696,6.44011200593161,"CTV",""
"IUR","1-Phenyl-1-(2,4-dimethylphenyl)-ethane (PXE)","6165-52-2","CC(C1=CC=CC=C1)C1=CC=C(C)C=C1C",210.1408505796,5.13923216666666,2.75461800833333,7.00334786666666,0.655724908024118,0.00270462789238916,47.9553848760609,11.2979159437763,"CTV",""
"RfD","Picric Acid (2,4,6-Trinitrophenol)","88-89-1","OC1=C(C=C(C=C1[N+]([O-])=O)[N+]([O-])=O)[N+]([O-])=O",228.997099449,7.92899713758298,6.31860887808903,9.4338745346707,0.00269670129608929,8.43248246549682e-05,0.109956549600829,6.57283229336379,"CTV",""
"RfDNOAEL","Picric Acid (2,4,6-Trinitrophenol)","88-89-1","OC1=C(C=C(C=C1[N+]([O-])=O)[N+]([O-])=O)[N+]([O-])=O",228.997099449,5.1109569538584,3.5071702658654,6.55370255876264,1.77367084624588,0.063992256224891,71.229470444719,4.62974482097299,"CTV",""
"RfDBMDL","Picric Acid (2,4,6-Trinitrophenol)","88-89-1","OC1=C(C=C(C=C1[N+]([O-])=O)[N+]([O-])=O)[N+]([O-])=O",228.997099449,4.92921567810767,3.14844782693628,6.64647710652772,2.69534463537719,0.051683614077004,162.697977602211,6.09950385467883,"CTV",""
"RfDBMD","Picric Acid (2,4,6-Trinitrophenol)","88-89-1","OC1=C(C=C(C=C1[N+]([O-])=O)[N+]([O-])=O)[N+]([O-])=O",228.997099449,4.59084179189933,2.59256055544653,6.52875428076356,5.87473376244728,0.0677759635765473,585.152986623917,6.09950385467883,"CTV",""
"OSF","Picric Acid (2,4,6-Trinitrophenol)","88-89-1","OC1=C(C=C(C=C1[N+]([O-])=O)[N+]([O-])=O)[N+]([O-])=O",228.997099449,4.67175233333334,2.68291228222087,6.50547830531761,0.205079548140668,0.00210417715303166,13.9845444554423,4.98802870001896,"CTV",""
"CPV","Picric Acid (2,4,6-Trinitrophenol)","88-89-1","OC1=C(C=C(C=C1[N+]([O-])=O)[N+]([O-])=O)[N+]([O-])=O",228.997099449,5.25746583333334,3.27965733333334,7.30822510000001,0.790015936029155,0.00831433179939686,88.7963508578269,4.51389200319102,"CTV",""
"RfC","Picric Acid (2,4,6-Trinitrophenol)","88-89-1","OC1=C(C=C(C=C1[N+]([O-])=O)[N+]([O-])=O)[N+]([O-])=O",228.997099449,9.02281416666663,6.6290864833333,11.0416690166666,0.000217278029902156,2.08046763863005e-06,0.0537951964887092,7.18173132829763,"CTV",""
"IUR","Picric Acid (2,4,6-Trinitrophenol)","88-89-1","OC1=C(C=C(C=C1[N+]([O-])=O)[N+]([O-])=O)[N+]([O-])=O",228.997099449,4.51640033333333,2.131786175,6.38051603333333,0.143407000392248,0.000591501967484317,10.4878399669984,12.508767756956,"CTV",""
"RfD","N,N,N',N'' Tetramethylphosphoramide (TMPA)","16853-36-4","CNP(=O)(NC)N(C)C",151.087449081,7.04736597906743,5.43697771957348,8.55224337615515,0.0135476013817542,0.000423628346479647,0.552396183242606,0.39229988798719,"CTV",""
"RfDNOAEL","N,N,N',N'' Tetramethylphosphoramide (TMPA)","16853-36-4","CNP(=O)(NC)N(C)C",151.087449081,3.84004961212572,2.23626292413272,5.28279521702996,21.8362861406717,0.787831192394864,876.931084237815,0.292727707630321,"CTV",""
"RfDBMDL","N,N,N',N'' Tetramethylphosphoramide (TMPA)","16853-36-4","CNP(=O)(NC)N(C)C",151.087449081,4.04126601559334,2.26049816442195,5.75852744401339,13.7392293454001,0.263451663242958,829.335439694789,2.13813123348891,"CTV",""
"RfDBMD","N,N,N',N'' Tetramethylphosphoramide (TMPA)","16853-36-4","CNP(=O)(NC)N(C)C",151.087449081,3.62361432879154,1.62533309233874,5.56152681765577,35.9429782397597,0.414669001612044,3580.10114425888,2.13813123348891,"CTV",""
"OSF","N,N,N',N'' Tetramethylphosphoramide (TMPA)","16853-36-4","CNP(=O)(NC)N(C)C",151.087449081,5.15656263995866,3.16772258884619,6.99028861194293,0.949148686807653,0.00973854779629592,64.723236060486,0.760858274875856,"CTV",""
"CPV","N,N,N',N'' Tetramethylphosphoramide (TMPA)","16853-36-4","CNP(=O)(NC)N(C)C",151.087449081,5.77108966666667,3.79328116666667,7.82184893333334,3.90716073562461,0.0411199689373857,439.157743174492,1.09724142795301,"CTV",""
"RfC","N,N,N',N'' Tetramethylphosphoramide (TMPA)","16853-36-4","CNP(=O)(NC)N(C)C",151.087449081,7.99539399999999,5.60166631666666,10.01424885,0.00152698365642729,1.46210828740694e-05,0.378061168308388,2.37934476223547,"CTV",""
"IUR","N,N,N',N'' Tetramethylphosphoramide (TMPA)","16853-36-4","CNP(=O)(NC)N(C)C",151.087449081,5.06881199999999,2.68419784166666,6.9329277,0.775503230432507,0.0031986701160794,56.7151795408869,2.42296360975194,"CTV",""
"RfD","2,3-Toluenediamine","2687-25-4","CC1=C(N)C(N)=CC=C1",122.08439833,7.13018478642286,5.51979652692891,8.63506218351058,0.00904639154238185,0.000282877225474615,0.368861765216985,5.55806654798372,"CTV",""
"RfDNOAEL","2,3-Toluenediamine","2687-25-4","CC1=C(N)C(N)=CC=C1",122.08439833,3.74225257869353,2.13846589070053,5.18499818359777,22.1007793412344,0.797373840454947,887.552959571782,3.74089186651031,"CTV",""
"RfDBMDL","2,3-Toluenediamine","2687-25-4","CC1=C(N)C(N)=CC=C1",122.08439833,3.5354416149694,1.75467376379801,5.25270304338946,35.581032977554,0.682271332851545,2147.76323237621,5.35249828886767,"CTV",""
"RfDBMD","2,3-Toluenediamine","2687-25-4","CC1=C(N)C(N)=CC=C1",122.08439833,3.17958912590817,1.18130788945537,5.1175016147724,80.736708744787,0.931447866821708,8041.78166407951,5.35249828886767,"CTV",""
"OSF","2,3-Toluenediamine","2687-25-4","CC1=C(N)C(N)=CC=C1",122.08439833,5.12237706175233,3.13353701063987,6.95610303373661,1.08571764135741,0.0111397858845519,74.0359863247121,5.27282592739724,"CTV",""
"CPV","2,3-Toluenediamine","2687-25-4","CC1=C(N)C(N)=CC=C1",122.08439833,5.70246066666667,3.72465216666667,7.75321993333334,4.12857805187479,0.0434502219734055,464.04464583442,3.93828173522947,"CTV",""
"RfC","2,3-Toluenediamine","2687-25-4","CC1=C(N)C(N)=CC=C1",122.08439833,7.34108066666666,4.94735298333333,9.35993551666667,0.00556646522836246,5.32996860031481e-05,1.37818393715266,4.44216861251574,"CTV",""
"IUR","2,3-Toluenediamine","2687-25-4","CC1=C(N)C(N)=CC=C1",122.08439833,4.31393366666667,1.92931950833334,6.17804936666667,0.168761547642342,0.000696080297287491,12.342103937846,9.19135468243159,"CTV",""
"RfD","3,4-Toluenediamine","496-72-0","CC1=CC=C(N)C(N)=C1",122.08439833,7.37461685250254,5.76422859300859,8.87949424959026,0.00515280033877613,0.000161126108286252,0.210102671310113,5.48859379330887,"CTV",""
"RfDNOAEL","3,4-Toluenediamine","496-72-0","CC1=CC=C(N)C(N)=C1",122.08439833,3.75799861689357,2.15421192890057,5.20074422179781,21.3138325915347,0.768981594989157,855.949688667293,3.79088294046879,"CTV",""
"RfDBMDL","3,4-Toluenediamine","496-72-0","CC1=CC=C(N)C(N)=C1",122.08439833,3.52192931820591,1.74116146703452,5.23919074662596,36.7054750350396,0.703832668121348,2215.63746496323,5.38833194307233,"CTV",""
"RfDBMD","3,4-Toluenediamine","496-72-0","CC1=CC=C(N)C(N)=C1",122.08439833,3.17016553354752,1.17188429709472,5.10807802241175,82.5077290378243,0.951879874760775,8218.18417962273,5.38833194307233,"CTV",""
"OSF","3,4-Toluenediamine","496-72-0","CC1=CC=C(N)C(N)=C1",122.08439833,5.16418621154218,3.17534616042971,6.99791218352645,1.1954352129442,0.0122655207982093,81.5177185174621,5.21211610109946,"CTV",""
"CPV","3,4-Toluenediamine","496-72-0","CC1=CC=C(N)C(N)=C1",122.08439833,5.73581416666666,3.75800566666666,7.78657343333333,4.45814304728941,0.0469186491232633,501.087150458295,3.86688053329559,"CTV",""
"RfC","3,4-Toluenediamine","496-72-0","CC1=CC=C(N)C(N)=C1",122.08439833,7.26719166666666,4.87346398333333,9.28604651666667,0.00659885370913677,6.31849506371869e-05,1.63378981318598,4.42987901707328,"CTV",""
"IUR","3,4-Toluenediamine","496-72-0","CC1=CC=C(N)C(N)=C1",122.08439833,4.30042516666667,1.91581100833334,6.16454086666667,0.163593106529935,0.000674762348523111,11.9641183226563,9.16566959928349,"CTV",""
"RfD","o-Aminophenol","95-55-6","NC1=C(O)C=CC=C1",109.052763849,6.21274183441674,4.60235357492279,7.71761923150446,0.0668182108249359,0.00208938005842263,2.7244767240129,4.30170240385289,"CTV",""
"RfDNOAEL","o-Aminophenol","95-55-6","NC1=C(O)C=CC=C1",109.052763849,3.59085532580343,1.98706863781043,5.03360093070767,27.975725054372,1.00933595968251,1123.48696780335,3.10496671310296,"CTV",""
"RfDBMDL","o-Aminophenol","95-55-6","NC1=C(O)C=CC=C1",109.052763849,3.48986476599269,1.7090969148213,5.20712619441274,35.2997728599236,0.676878130370471,2130.78564378958,4.91712701667051,"CTV",""
"RfDBMD","o-Aminophenol","95-55-6","NC1=C(O)C=CC=C1",109.052763849,3.0609913871314,1.0627101506786,4.99890387599563,94.7644158253464,1.0932835180357,9439.01173876725,4.91712701667051,"CTV",""
"OSF","o-Aminophenol","95-55-6","NC1=C(O)C=CC=C1",109.052763849,4.82905209178092,2.84021204066845,6.66277806376519,0.618607833048735,0.00634710033637649,42.1833811327738,3.96698772280811,"CTV",""
"CPV","o-Aminophenol","95-55-6","NC1=C(O)C=CC=C1",109.052763849,5.48452516666666,3.50671666666666,7.53528443333333,2.79826274055834,0.0294496399703424,314.519630264563,3.05811879286656,"CTV",""
"RfC","o-Aminophenol","95-55-6","NC1=C(O)C=CC=C1",109.052763849,7.02896783333333,4.63524015,9.04782268333334,0.0102016129782378,9.76818764078899e-05,2.52578585563025,3.3833509021958,"CTV",""
"IUR","o-Aminophenol","95-55-6","NC1=C(O)C=CC=C1",109.052763849,4.11437616666667,1.72976200833334,5.97849186666667,0.119327210913632,0.000492181552063511,8.72680335232841,7.30704668803985,"CTV",""
"RfD","tert-Butylbenzene","98-06-6","CC(C)(C)C1=CC=CC=C1",134.1095504508,6.9866907389813,5.37630247948735,8.49156813606902,0.0138283055688668,0.000432405859729821,0.563841745981855,5.49671463625548,"CTV",""
"RfDNOAEL","tert-Butylbenzene","98-06-6","CC(C)(C)C1=CC=CC=C1",134.1095504508,3.72800790646459,2.12422121847159,5.17075351136883,25.087177364144,0.905120070752428,1007.48476662563,2.73530752870443,"CTV",""
"RfDBMDL","tert-Butylbenzene","98-06-6","CC(C)(C)C1=CC=CC=C1",134.1095504508,3.20896955727897,1.42820170610758,4.92623098569902,82.8877115663912,1.58938357644342,5003.3167792066,4.75958579867238,"CTV",""
"RfDBMD","tert-Butylbenzene","98-06-6","CC(C)(C)C1=CC=CC=C1",134.1095504508,2.9902077146672,0.991926478214403,4.92812020353143,137.167742799462,1.58248463943679,13662.5960619073,4.75958579867238,"CTV",""
"OSF","tert-Butylbenzene","98-06-6","CC(C)(C)C1=CC=CC=C1",134.1095504508,3.48504467015271,1.49620461904024,5.31877064213698,0.0227816388810537,0.000233746390006918,1.55349884758572,5.10000085030357,"CTV",""
"CPV","tert-Butylbenzene","98-06-6","CC(C)(C)C1=CC=CC=C1",134.1095504508,4.50927416666667,2.53146566666667,6.56003343333334,0.2408876084576,0.00253516342106518,27.0753280059334,4.30263773417766,"CTV",""
"RfC","tert-Butylbenzene","98-06-6","CC(C)(C)C1=CC=CC=C1",134.1095504508,6.96935916666668,4.57563148333335,8.98821401666669,0.0143913170158124,0.000137798880734268,3.56310174086889,3.1519349729401,"CTV",""
"IUR","tert-Butylbenzene","98-06-6","CC(C)(C)C1=CC=CC=C1",134.1095504508,3.77828466666668,1.39367050833335,5.64240036666668,0.0447532892105066,0.000184591118613483,3.27295971572361,9.06689031661482,"CTV",""
"RfD","sec-Butylbenzene","135-98-8","CCC(C)C1=CC=CC=C1",134.1095504508,6.89181670976257,5.28142845026862,8.39669410685029,0.0172045372913812,0.000537979342565475,0.701505784412403,4.53377274651189,"CTV",""
"RfDNOAEL","sec-Butylbenzene","135-98-8","CCC(C)C1=CC=CC=C1",134.1095504508,3.54411730305984,1.94033061506684,4.98686290796408,38.3126686543732,1.38228246485488,1538.61191627022,2.64702608715473,"CTV",""
"RfDBMDL","sec-Butylbenzene","135-98-8","CCC(C)C1=CC=CC=C1",134.1095504508,3.18429626025039,1.403528409079,4.90155768867044,87.7330941983882,1.68229447277951,5295.79661447059,4.77068125325925,"CTV",""
"RfDBMD","sec-Butylbenzene","135-98-8","CCC(C)C1=CC=CC=C1",134.1095504508,2.92482134339173,0.926540106938933,4.86273383225596,159.45508130371,1.83961047760462,15882.526907629,4.77068125325925,"CTV",""
"OSF","sec-Butylbenzene","135-98-8","CCC(C)C1=CC=CC=C1",134.1095504508,4.56066862487083,2.57182857375836,6.39439459685511,0.271149568818154,0.00278207521390771,18.4899139557814,3.7898076380698,"CTV",""
"CPV","sec-Butylbenzene","135-98-8","CCC(C)C1=CC=CC=C1",134.1095504508,4.77925200000001,2.80144350000001,6.83001126666668,0.448530823207543,0.00472045425456646,50.4140467700857,3.06002453230117,"CTV",""
"RfC","sec-Butylbenzene","135-98-8","CCC(C)C1=CC=CC=C1",134.1095504508,7.34162033333333,4.94789265,9.36047518333334,0.00610716105832256,5.84769244799547e-05,1.51205314807301,3.47263730037348,"CTV",""
"IUR","sec-Butylbenzene","135-98-8","CCC(C)C1=CC=CC=C1",134.1095504508,4.01282483333334,1.62821067500001,5.87694053333334,0.0768006908384498,0.000316775050108038,5.61669481033312,7.62645873222151,"CTV",""
"RfD","Cyanogen Bromide","506-68-3","N#CBr",104.921412,6.066621613,NA,NA,0.09,NA,NA,NA,"IRIS",""
"RfDNOAEL","Cyanogen Bromide","506-68-3","N#CBr",104.921412,3.377411446,NA,NA,44,NA,NA,NA,"IRIS",""
"RfDBMDL","Cyanogen Bromide","506-68-3","N#CBr",104.921412,4.44743065186857,2.66666280069717,6.16469208028862,3.74484179085997,0.0718078702655989,226.048341950859,0.389285725761858,"CTV",""
"RfDBMD","Cyanogen Bromide","506-68-3","N#CBr",104.921412,4.05638234579959,2.05810110934679,5.99429483466382,9.21471230959947,0.106308818598038,917.831623844704,0.389285725761858,"CTV",""
"OSF","Cyanogen Bromide","506-68-3","N#CBr",104.921412,3.77298516666667,1.7841451155542,5.60671113865094,0.0565094447598691,0.000579803708718245,3.85342590015214,0.883539790064624,"CTV",""
"CPV","Cyanogen Bromide","506-68-3","N#CBr",104.921412,4.10168316666667,2.12387466666667,6.15244243333334,0.120453393595219,0.00126768263150205,13.5387418302689,0.834103483404109,"CTV",""
"RfC","Cyanogen Bromide","506-68-3","N#CBr",104.921412,7.02167200000001,4.62794431666668,9.04052685000002,0.00998141531752062,9.55734528943365e-05,2.47126779676359,-0.102686111540425,"CTV",""
"IUR","Cyanogen Bromide","506-68-3","N#CBr",104.921412,2.33493933333334,-0.0496748249999901,4.19905503333334,0.00206098678344645,8.50082446486792e-06,0.150726948473664,0.722934328598486,"CTV",""
"RfD","1,3-Dibromobenzene","108-36-1","BrC1=CC(Br)=CC=C1",233.867976,8.11731842384994,6.50693016435599,9.62219582093766,0.00178505800611644,5.58180854449858e-05,0.0727847831995849,5.2152339258986,"CTV",""
"RfDNOAEL","1,3-Dibromobenzene","108-36-1","BrC1=CC(Br)=CC=C1",233.867976,4.48288314940672,2.87909646141372,5.92562875431096,7.69285608111078,0.277550492801757,308.940109166679,3.25987976625031,"CTV",""
"RfDBMDL","1,3-Dibromobenzene","108-36-1","BrC1=CC(Br)=CC=C1",233.867976,5.11916552614429,3.3383976749729,6.83642695456434,1.77748207973334,0.0340834699325462,107.293418363294,4.90166172507696,"CTV",""
"RfDBMD","1,3-Dibromobenzene","108-36-1","BrC1=CC(Br)=CC=C1",233.867976,4.9352534598936,2.9369722234408,6.87316594875783,2.71467158551054,0.0313187779977291,270.394923446342,4.90166172507696,"CTV",""
"OSF","1,3-Dibromobenzene","108-36-1","BrC1=CC(Br)=CC=C1",233.867976,4.88276,2.89391994888753,6.71648597198427,0.326429382078612,0.00334926253775888,22.2594902642837,4.21002775380748,"CTV",""
"CPV","1,3-Dibromobenzene","108-36-1","BrC1=CC(Br)=CC=C1",233.867976,5.6333445,3.655536,7.68410376666667,1.83811950233416,0.0193448444928387,206.601280814992,3.40347193015308,"CTV",""
"RfC","1,3-Dibromobenzene","108-36-1","BrC1=CC(Br)=CC=C1",233.867976,7.73501849999998,5.34129081666665,9.75387334999999,0.00430479284389571,4.12189958035071e-05,1.06581036741194,3.41789411815629,"CTV",""
"IUR","1,3-Dibromobenzene","108-36-1","BrC1=CC(Br)=CC=C1",233.867976,4.32040666666667,1.93579250833334,6.18452236666668,0.0894202561463762,0.000368826189090223,6.53960639094359,7.10120984339105,"CTV",""
"RfD","n-Heptane","142-82-5","CCCCCCC",100.1252005152,6.62497436343486,5.01458610394091,8.12985176052258,0.0237448284022857,0.000742491759984215,0.968182648098764,-0.328930825804359,"CTV",""
"RfDNOAEL","n-Heptane","142-82-5","CCCCCCC",100.1252005152,3.19134059873204,1.58755391073904,4.63408620363628,64.4470139927245,2.32518330054338,2588.15026934755,-0.165668328782337,"CTV",""
"RfDBMDL","n-Heptane","142-82-5","CCCCCCC",100.1252005152,2.91449261453956,1.13372476336817,4.63175404295961,121.913214999303,2.33770311677751,7358.99716237747,-0.395761291069444,"CTV",""
"RfDBMD","n-Heptane","142-82-5","CCCCCCC",100.1252005152,2.46869685122818,0.470415614775381,4.40660934009241,340.287932070396,3.92585322537818,33894.3870164628,-0.395761291069444,"CTV",""
"OSF","n-Heptane","142-82-5","CCCCCCC",100.1252005152,4.94722185598347,2.958381804871,6.78094782796774,0.884460530675655,0.00907482807661266,60.3120970494521,0.152880470379319,"CTV",""
"CPV","n-Heptane","142-82-5","CCCCCCC",100.1252005152,4.74113133333334,2.76332283333334,6.79189060000001,0.550285329175228,0.00579134496210253,61.8510677227084,0.152546420112601,"CTV",""
"RfC","n-Heptane","142-82-5","CCCCCCC",100.1252005152,5.53117816666667,3.13745048333334,7.55003301666668,0.294689886952157,0.00282169703725498,72.9613591349558,-0.29777405484154,"CTV",""
"IUR","n-Heptane","142-82-5","CCCCCCC",100.1252005152,4.39747866666667,2.01286450833334,6.26159436666667,0.249422293202512,0.00102877667589588,18.2410976322959,0.332822339340692,"CTV",""
"RfD","Methyl Phosphonic Acid","993-13-5","CP(=O)(O)O",95.997631019,6.204109264,NA,NA,0.06,NA,NA,NA,"PPRTV",""
"RfDNOAEL","Methyl Phosphonic Acid","993-13-5","CP(=O)(O)O",95.997631019,3.50838249797667,1.90459580998367,4.95112810288091,29.7767995856009,1.07431691323794,1195.81695245774,0.0162940421549162,"CTV",""
"RfDBMDL","Methyl Phosphonic Acid","993-13-5","CP(=O)(O)O",95.997631019,3.67646258153625,1.89569473036486,5.3937240099563,20.2207814063218,0.387736339473169,1220.57869600952,0.437067595662071,"CTV",""
"RfDBMD","Methyl Phosphonic Acid","993-13-5","CP(=O)(O)O",95.997631019,3.3469977393183,1.3487165028655,5.28491022818253,43.1780253086504,0.498138705337217,4300.74816792288,0.437067595662071,"CTV",""
"OSF","Methyl Phosphonic Acid","993-13-5","CP(=O)(O)O",95.997631019,4.21283465738891,2.22399460627644,6.04656062937318,0.170049023171198,0.0017447535490314,11.5957839077693,0.634375434461537,"CTV",""
"CPV","Methyl Phosphonic Acid","993-13-5","CP(=O)(O)O",95.997631019,4.38477483333333,2.40696633333333,6.4355341,0.252647099936461,0.00265892334727485,28.39707340833,0.909488584998741,"CTV",""
"RfC","Methyl Phosphonic Acid","993-13-5","CP(=O)(O)O",95.997631019,6.97186483333331,4.57813714999998,8.99071968333332,0.0102422573191349,9.80710516777861e-05,2.53584886248692,0.771962812217195,"CTV",""
"IUR","Methyl Phosphonic Acid","993-13-5","CP(=O)(O)O",95.997631019,3.70153233333332,1.31691817499999,5.56564803333332,0.0523928251687142,0.000216101439152837,3.83166487190608,2.90798416366209,"CTV",""
"RfD","Picramic Acid (2-Amino-4,6-dinitrophenol)","96-91-3","Nc1cc([N+]([O-])=O)cc([N+]([O-])=O)c1O",199.022920273,9.298903094,NA,NA,1e-04,NA,NA,NA,"PPRTV",""
"RfDNOAEL","Picramic Acid (2-Amino-4,6-dinitrophenol)","96-91-3","Nc1cc([N+]([O-])=O)cc([N+]([O-])=O)c1O",199.022920273,4.85328352802512,3.24949684003212,6.29602913292936,2.79009869740431,0.100663948508223,112.048553498668,4.33647358677367,"CTV",""
"RfDBMDL","Picramic Acid (2-Amino-4,6-dinitrophenol)","96-91-3","Nc1cc([N+]([O-])=O)cc([N+]([O-])=O)c1O",199.022920273,4.68334967138126,2.90258182020987,6.40061109980131,4.12622991156244,0.0791210413477756,249.069915928955,6.10062776772402,"CTV",""
"RfDBMD","Picramic Acid (2-Amino-4,6-dinitrophenol)","96-91-3","Nc1cc([N+]([O-])=O)cc([N+]([O-])=O)c1O",199.022920273,4.38536631587492,2.38708507942212,6.32327880473915,8.19477018164186,0.0945418920767848,816.240265582143,6.10062776772402,"CTV",""
"OSF","Picramic Acid (2-Amino-4,6-dinitrophenol)","96-91-3","Nc1cc([N+]([O-])=O)cc([N+]([O-])=O)c1O",199.022920273,4.76190000000001,2.77305994888754,6.59562597198428,0.290400196320447,0.00297959237707243,19.8026302092633,4.78119631795752,"CTV",""
"CPV","Picramic Acid (2-Amino-4,6-dinitrophenol)","96-91-3","Nc1cc([N+]([O-])=O)cc([N+]([O-])=O)c1O",199.022920273,5.36627016666667,3.38846166666667,7.41702943333334,1.16779623916753,0.0122901893034324,131.25816816402,3.92305831837503,"CTV",""
"RfC","Picramic Acid (2-Amino-4,6-dinitrophenol)","96-91-3","Nc1cc([N+]([O-])=O)cc([N+]([O-])=O)c1O",199.022920273,8.90768683333329,6.51395914999996,10.9265416833333,0.000246159307253418,2.35700992373203e-06,0.0609458227653544,6.38657792464427,"CTV",""
"IUR","Picramic Acid (2-Amino-4,6-dinitrophenol)","96-91-3","Nc1cc([N+]([O-])=O)cc([N+]([O-])=O)c1O",199.022920273,4.48909066666667,2.10447650833334,6.35320636666667,0.15494856990925,0.000639106764031841,11.3319140619255,10.3384323579143,"CTV",""
"RfD","n-Propylbenzene","103-65-1","CCCc1ccccc1",120.0939003864,6.07952095,NA,NA,0.1,NA,NA,NA,"PPRTV",""
"RfDNOAEL","n-Propylbenzene","103-65-1","CCCc1ccccc1",120.0939003864,3.34909191718529,1.74530522919229,4.79183752208953,53.756258390965,1.93947161499953,2158.81646043987,2.56706020336054,"CTV",""
"RfDBMDL","n-Propylbenzene","103-65-1","CCCc1ccccc1",120.0939003864,3.26463820092308,1.48387034975169,4.98189962934314,65.2954244091758,1.25204898544849,3941.40079847869,4.65866207790821,"CTV",""
"RfDBMD","n-Propylbenzene","103-65-1","CCCc1ccccc1",120.0939003864,2.94090434981093,0.942623113358131,4.87881683867516,137.599419011772,1.5874648261866,13705.5931806027,4.65866207790821,"CTV",""
"OSF","n-Propylbenzene","103-65-1","CCCc1ccccc1",120.0939003864,4.78871115274085,2.79987110162838,6.62243712472512,0.511905979787536,0.00525230758959147,34.9072932735115,3.71137497705937,"CTV",""
"CPV","n-Propylbenzene","103-65-1","CCCc1ccccc1",120.0939003864,5.29133916666667,3.31353066666667,7.34209843333334,1.62861419836471,0.0171399565513489,183.053266617516,3.01902515092896,"CTV",""
"RfC","n-Propylbenzene","103-65-1","CCCc1ccccc1",120.0939003864,5.08,NA,NA,1,NA,NA,NA,"PPRTV",""
"IUR","n-Propylbenzene","103-65-1","CCCc1ccccc1",120.0939003864,4.16454633333334,1.77993217500001,6.02866203333334,0.121625708553333,0.000501662022838457,8.89490027468069,7.30335943466406,"CTV",""
"RfD","1,2-Dinitrobenzene","528-29-0","[O-][N+](=O)c1ccccc1[N+]([O-])=O",168.017106617,9.225353502,NA,NA,1e-04,NA,NA,NA,"PPRTV",""
"RfDNOAEL","1,2-Dinitrobenzene","528-29-0","[O-][N+](=O)c1ccccc1[N+]([O-])=O",168.017106617,5.62329351,NA,NA,0.4,NA,NA,NA,"PPRTV",""
"RfDBMDL","1,2-Dinitrobenzene","528-29-0","[O-][N+](=O)c1ccccc1[N+]([O-])=O",168.017106617,5.12429411258249,3.3435262614111,6.84155554100254,1.2620000989839,0.0241990301443945,76.1775919648718,4.98549684911283,"CTV",""
"RfDBMD","1,2-Dinitrobenzene","528-29-0","[O-][N+](=O)c1ccccc1[N+]([O-])=O",168.017106617,5.410818248,NA,NA,0.652432,NA,NA,NA,"PPRTV",""
"OSF","1,2-Dinitrobenzene","528-29-0","[O-][N+](=O)c1ccccc1[N+]([O-])=O",168.017106617,4.75599722532094,2.76715717420847,6.58972319730521,0.339346773093652,0.00348179881110769,23.1403378696931,3.96033446469372,"CTV",""
"CPV","1,2-Dinitrobenzene","528-29-0","[O-][N+](=O)c1ccccc1[N+]([O-])=O",168.017106617,5.23058416666667,3.25277566666667,7.28134343333334,1.01211687316529,0.0106517794382235,113.760091258963,3.30497918392582,"CTV",""
"RfC","1,2-Dinitrobenzene","528-29-0","[O-][N+](=O)c1ccccc1[N+]([O-])=O",168.017106617,8.57570099999998,6.18197331666665,10.59455585,0.000446326323576038,4.27363720522881e-06,0.110504556239158,5.0544005878507,"CTV",""
"IUR","1,2-Dinitrobenzene","528-29-0","[O-][N+](=O)c1ccccc1[N+]([O-])=O",168.017106617,4.4439565,2.05934234166667,6.30807220000001,0.165425706630155,0.000682321160588957,12.0981425789481,9.24844928987724,"CTV",""
"RfD","1,4-Dinitrobenzene","100-25-4","[O-][N+](=O)c1ccc([N+]([O-])=O)cc1",168.017106617,9.225353502,NA,NA,1e-04,NA,NA,NA,"PPRTV",""
"RfDNOAEL","1,4-Dinitrobenzene","100-25-4","[O-][N+](=O)c1ccc([N+]([O-])=O)cc1",168.017106617,5.62329351,NA,NA,0.4,NA,NA,NA,"PPRTV",""
"RfDBMDL","1,4-Dinitrobenzene","100-25-4","[O-][N+](=O)c1ccc([N+]([O-])=O)cc1",168.017106617,5.12750508134231,3.34673723017092,6.84476650976236,1.25270387321,0.0240207737021701,75.6164477190135,4.97521356948634,"CTV",""
"RfDBMD","1,4-Dinitrobenzene","100-25-4","[O-][N+](=O)c1ccc([N+]([O-])=O)cc1",168.017106617,5.410818248,NA,NA,0.652432,NA,NA,NA,"PPRTV",""
"OSF","1,4-Dinitrobenzene","100-25-4","[O-][N+](=O)c1ccc([N+]([O-])=O)cc1",168.017106617,4.60404155865427,2.6152015075418,6.43776753063854,0.239159731459121,0.00245384996906806,16.308500417836,3.98162273782725,"CTV",""
"CPV","1,4-Dinitrobenzene","100-25-4","[O-][N+](=O)c1ccc([N+]([O-])=O)cc1",168.017106617,5.13071416666667,3.15290566666667,7.18147343333334,0.804193697345444,0.00846354222209893,90.3899053809767,3.30988838335684,"CTV",""
"RfC","1,4-Dinitrobenzene","100-25-4","[O-][N+](=O)c1ccc([N+]([O-])=O)cc1",168.017106617,8.38571283333331,5.99198514999998,10.4045676833333,0.00069125879225016,6.61889997733581e-06,0.17114662982903,5.04949493589257,"CTV",""
"IUR","1,4-Dinitrobenzene","100-25-4","[O-][N+](=O)c1ccc([N+]([O-])=O)cc1",168.017106617,4.20047866666667,1.81586450833334,6.06459436666667,0.0944332996978095,0.000389503179164954,6.90622725583316,8.76260664020525,"CTV",""
"RfD","Thiocyanic Acid","463-56-9","N#CS",58.98297021,8.469696642,NA,NA,2e-04,NA,NA,NA,"PPRTV",""
"RfDNOAEL","Thiocyanic Acid","463-56-9","N#CS",58.98297021,3.96592736681679,2.36214067882379,5.40867297172103,6.37968552880047,0.230172622985446,256.20403175827,0.619204849932544,"CTV",""
"RfDBMDL","Thiocyanic Acid","463-56-9","N#CS",58.98297021,4.16656564186174,2.38579779069035,5.88382707028179,4.019397857751,0.0770725216268562,242.621256685133,1.58385702395655,"CTV",""
"RfDBMD","Thiocyanic Acid","463-56-9","N#CS",58.98297021,3.72014723147174,1.72186599501894,5.65805972033597,11.2351637642106,0.129618478189975,1119.0787357652,1.58385702395655,"CTV",""
"OSF","Thiocyanic Acid","463-56-9","N#CS",58.98297021,3.72051315331268,1.73167310220021,5.55423912529695,0.0890812935386746,0.000914000563810562,6.07452727946037,2.1399883241197,"CTV",""
"CPV","Thiocyanic Acid","463-56-9","N#CS",58.98297021,4.13100783333333,2.15319933333333,6.1817671,0.229235141231491,0.00241252984573957,25.7656119344202,2.65232972207057,"CTV",""
"RfC","Thiocyanic Acid","463-56-9","N#CS",58.98297021,7.17791833333332,4.78419064999999,9.19677318333333,0.00391569002940969,3.74932817310691e-05,0.969473603087396,0.575196437707412,"CTV",""
"IUR","Thiocyanic Acid","463-56-9","N#CS",58.98297021,2.48229883333333,0.097684675000004,4.34641453333333,0.0051472136439825,2.12303931408521e-05,0.376433178480714,2.12466052928909,"CTV",""
"RfD","Methyl Acetate","79-20-9","COC(=O)C",74.036779433,4.869447519,NA,NA,1,NA,NA,NA,"PPRTV",""
"RfDNOAEL","Methyl Acetate","79-20-9","COC(=O)C",74.036779433,3.2020854757235,1.5982987877305,4.64483108062774,46.4902672941765,1.6773219805408,1867.0189720977,-0.195840624367308,"CTV",""
"RfDBMDL","Methyl Acetate","79-20-9","COC(=O)C",74.036779433,3.28670645672239,1.505938605551,5.00396788514244,38.2596561118504,0.73363430978356,2309.45185689882,-0.228778633644307,"CTV",""
"RfDBMD","Methyl Acetate","79-20-9","COC(=O)C",74.036779433,2.90963524037863,0.911354003925832,4.84754772924286,91.1616712656829,1.0517191690924,9080.16028704599,-0.228778633644307,"CTV",""
"OSF","Methyl Acetate","79-20-9","COC(=O)C",74.036779433,4.46349311614651,2.47465306503404,6.29721908813078,0.392686161983049,0.00402907680384423,26.7775950311837,-0.25019912953624,"CTV",""
"CPV","Methyl Acetate","79-20-9","COC(=O)C",74.036779433,4.6837655,2.705957,6.73452476666667,0.652105677132201,0.00686292860774317,73.2954891948848,-0.232499276737053,"CTV",""
"RfC","Methyl Acetate","79-20-9","COC(=O)C",74.036779433,6.48099716666666,4.08726948333333,8.49985201666667,0.0244596564151844,0.000234204643915064,6.05589080264443,-0.16724934274515,"CTV",""
"IUR","Methyl Acetate","79-20-9","COC(=O)C",74.036779433,4.15891283333332,1.77429867499999,6.02302853333332,0.194744550824835,0.000803250780329174,14.2423290209636,0.0320661754742246,"CTV",""
"RfD","Endosulfan Sulfate","1031-07-8","ClC1=C(Cl)C2(Cl)C3COS(=O)(=O)OCC3C1(Cl)C2(Cl)Cl",419.811796,8.38888041441112,6.77849215491717,9.89375781149884,0.00171464502196733,5.36162981908999e-05,0.0699137315204978,2.49873422700305,"CTV",""
"RfDNOAEL","Endosulfan Sulfate","1031-07-8","ClC1=C(Cl)C2(Cl)C3COS(=O)(=O)OCC3C1(Cl)C2(Cl)Cl",419.811796,6.16838860796735,4.56460191997435,7.61113421287159,0.284882668933976,0.0102782795257867,11.4407031552642,1.20065506880246,"CTV",""
"RfDBMDL","Endosulfan Sulfate","1031-07-8","ClC1=C(Cl)C2(Cl)C3COS(=O)(=O)OCC3C1(Cl)C2(Cl)Cl",419.811796,5.98684551099541,4.20607765982402,7.70410693941546,0.432722150109379,0.00829750834653277,26.1202288428781,2.14364131025788,"CTV",""
"RfDBMD","Endosulfan Sulfate","1031-07-8","ClC1=C(Cl)C2(Cl)C3COS(=O)(=O)OCC3C1(Cl)C2(Cl)Cl",419.811796,5.54420074641312,3.54591950996032,7.48211323527735,1.19909582523048,0.013833797115217,119.435966250425,2.14364131025788,"CTV",""
"OSF","Endosulfan Sulfate","1031-07-8","ClC1=C(Cl)C2(Cl)C3COS(=O)(=O)OCC3C1(Cl)C2(Cl)Cl",419.811796,6.09102683333334,4.10218678222087,7.92475280531762,2.93746158633192,0.030139229454651,200.307941540985,4.65216174409794,"CTV",""
"CPV","Endosulfan Sulfate","1031-07-8","ClC1=C(Cl)C2(Cl)C3COS(=O)(=O)OCC3C1(Cl)C2(Cl)Cl",419.811796,6.36336383333334,4.38555533333334,8.41412310000001,5.49932258815052,0.0578762915842168,618.113832579404,3.94363691122995,"CTV",""
"RfC","Endosulfan Sulfate","1031-07-8","ClC1=C(Cl)C2(Cl)C3COS(=O)(=O)OCC3C1(Cl)C2(Cl)Cl",419.811796,8.68306333333331,6.28933564999998,10.7019181833333,0.000870946150629885,8.33943165901706e-06,0.21563486803207,4.46621177514823,"CTV",""
"IUR","Endosulfan Sulfate","1031-07-8","ClC1=C(Cl)C2(Cl)C3COS(=O)(=O)OCC3C1(Cl)C2(Cl)Cl",419.811796,5.45838683333334,3.07377267500001,7.32250253333334,0.684434977924862,0.00282304653852536,50.0550495907313,5.26284858341905,"CTV",""
"RfD","Guanidine","113-00-8","NC(N)=N",59.048347173,7.14433498724951,5.53394672775556,8.64921238433723,0.00423518863456939,0.000132432739031454,0.172687546018251,2.27868871358356,"CTV",""
"RfDNOAEL","Guanidine","113-00-8","NC(N)=N",59.048347173,3.68396411297529,2.08017742498229,5.12670971787953,12.2248526396934,0.441060360261653,490.94215064376,1.33708447175396,"CTV",""
"RfDBMDL","Guanidine","113-00-8","NC(N)=N",59.048347173,3.86539687150968,2.08462902033829,5.58265829992973,8.05027792833434,0.154365216306534,485.935609452191,1.01422464786631,"CTV",""
"RfDBMD","Guanidine","113-00-8","NC(N)=N",59.048347173,3.3568326110108,1.358551374558,5.29474509987503,25.96421129528,0.299545393919196,2586.16584157142,1.01422464786631,"CTV",""
"OSF","Guanidine","113-00-8","NC(N)=N",59.048347173,4.9683944802641,2.97955442915163,6.80212045224837,1.57465977872061,0.0161564776215963,107.377356139924,3.0640197286529,"CTV",""
"CPV","Guanidine","113-00-8","NC(N)=N",59.048347173,4.90785983333332,2.93005133333332,6.95861909999999,1.3697839953756,0.0144159606302371,153.961223699061,2.14049254328195,"CTV",""
"RfC","Guanidine","113-00-8","NC(N)=N",59.048347173,7.83514233333331,5.44141464999998,9.85399718333332,0.000863108537358083,8.26438541166553e-06,0.213694377563941,2.23015497739797,"CTV",""
"IUR","Guanidine","113-00-8","NC(N)=N",59.048347173,4.04911449999999,1.66450034166666,5.91323019999999,0.189629873027287,0.000782154585777839,13.8682752992016,3.925649223935,"CTV",""
